seed,chunk,target,start_mol_idx,sim_threshold,start_ds,task_marker,chunk_marker,file,result_exists,calls,unique_smiles,duplicate_rows,malformed_rows,feasibility_leaks,budget_excess,loose_success,strict_success,best_feasible_ds,strict_score_signed,dock_shortfall,outer_iteration,log_task_done,log_no_feasible,log_task_failed,status
0,0,parp1,0,0.4,7.3,True,True,CSDNet/exp/lead/results_elastic_joint_frontier_v5r_final_base50k_seed0/parp1_id0_thr0.4_0.csv,True,554,554,0,0,0,0,True,True,12.6,-12.6,0.0,10,True,False,False,DONE
0,4,parp1,0,0.6,7.3,True,True,CSDNet/exp/lead/results_elastic_joint_frontier_v5r_final_base50k_seed0/parp1_id0_thr0.6_0.csv,True,257,257,0,0,0,0,True,True,13.5,-13.5,0.0,10,True,False,False,DONE
0,0,parp1,1,0.4,7.8,True,True,CSDNet/exp/lead/results_elastic_joint_frontier_v5r_final_base50k_seed0/parp1_id1_thr0.4_0.csv,True,384,384,0,0,0,0,True,True,12.1,-12.1,0.0,10,True,False,False,DONE
0,4,parp1,1,0.6,7.8,True,True,CSDNet/exp/lead/results_elastic_joint_frontier_v5r_final_base50k_seed0/parp1_id1_thr0.6_0.csv,True,155,155,0,0,0,0,True,True,12.2,-12.2,0.0,10,True,False,False,DONE
0,0,parp1,2,0.4,8.2,True,True,CSDNet/exp/lead/results_elastic_joint_frontier_v5r_final_base50k_seed0/parp1_id2_thr0.4_0.csv,True,325,325,0,0,0,0,True,True,13.1,-13.1,0.0,10,True,False,False,DONE
0,4,parp1,2,0.6,8.2,True,True,CSDNet/exp/lead/results_elastic_joint_frontier_v5r_final_base50k_seed0/parp1_id2_thr0.6_0.csv,True,150,150,0,0,0,0,True,True,12.5,-12.5,0.0,10,True,False,False,DONE
0,0,fa7,0,0.4,6.4,True,True,CSDNet/exp/lead/results_elastic_joint_frontier_v5r_final_base50k_seed0/fa7_id0_thr0.4_0.csv,True,54,54,0,0,0,0,True,True,8.2,-8.2,0.0,10,True,False,False,DONE
0,3,fa7,0,0.6,6.4,True,False,CSDNet/exp/lead/results_elastic_joint_frontier_v5r_final_base50k_seed0/fa7_id0_thr0.6_0.csv,True,3,3,0,0,0,0,True,True,7.6,-7.6,0.0,10,True,False,False,DONE
0,0,fa7,1,0.4,6.7,True,True,CSDNet/exp/lead/results_elastic_joint_frontier_v5r_final_base50k_seed0/fa7_id1_thr0.4_0.csv,True,278,278,0,0,0,0,True,True,10.3,-10.3,0.0,10,True,False,False,DONE
0,1,fa7,1,0.6,6.7,True,True,CSDNet/exp/lead/results_elastic_joint_frontier_v5r_final_base50k_seed0/fa7_id1_thr0.6_0.csv,True,62,62,0,0,0,0,True,True,7.5,-7.5,0.0,10,True,False,False,DONE
0,0,fa7,2,0.4,8.5,True,True,CSDNet/exp/lead/results_elastic_joint_frontier_v5r_final_base50k_seed0/fa7_id2_thr0.4_0.csv,True,59,59,0,0,0,0,True,True,9.4,-9.4,0.0,10,True,False,False,DONE
0,3,fa7,2,0.6,8.5,False,False,CSDNet/exp/lead/results_elastic_joint_frontier_v5r_final_base50k_seed0/fa7_id2_thr0.6_0.csv,False,0,0,0,0,0,0,False,False,,0.0,,10,False,True,False,DONE_ZERO
0,0,5ht1b,0,0.4,4.5,True,True,CSDNet/exp/lead/results_elastic_joint_frontier_v5r_final_base50k_seed0/5ht1b_id0_thr0.4_0.csv,True,22,22,0,0,0,0,True,True,12.9,-12.9,0.0,10,True,False,False,DONE
0,2,5ht1b,0,0.6,4.5,False,False,CSDNet/exp/lead/results_elastic_joint_frontier_v5r_final_base50k_seed0/5ht1b_id0_thr0.6_0.csv,False,0,0,0,0,0,0,False,False,,0.0,,10,False,True,False,DONE_ZERO
0,0,5ht1b,1,0.4,7.6,True,True,CSDNet/exp/lead/results_elastic_joint_frontier_v5r_final_base50k_seed0/5ht1b_id1_thr0.4_0.csv,True,572,572,0,0,0,0,True,True,12.7,-12.7,0.0,10,True,False,False,DONE
0,4,5ht1b,1,0.6,7.6,True,True,CSDNet/exp/lead/results_elastic_joint_frontier_v5r_final_base50k_seed0/5ht1b_id1_thr0.6_0.csv,True,149,149,0,0,0,0,True,True,11.8,-11.8,0.0,10,True,False,False,DONE
0,0,5ht1b,2,0.4,9.8,True,True,CSDNet/exp/lead/results_elastic_joint_frontier_v5r_final_base50k_seed0/5ht1b_id2_thr0.4_0.csv,True,154,154,0,0,0,0,True,True,14.0,-14.0,0.0,10,True,False,False,DONE
0,4,5ht1b,2,0.6,9.8,True,True,CSDNet/exp/lead/results_elastic_joint_frontier_v5r_final_base50k_seed0/5ht1b_id2_thr0.6_0.csv,True,50,50,0,0,0,0,True,True,11.4,-11.4,0.0,10,True,False,False,DONE
0,0,braf,0,0.4,9.3,True,True,CSDNet/exp/lead/results_elastic_joint_frontier_v5r_final_base50k_seed0/braf_id0_thr0.4_0.csv,True,49,49,0,0,0,0,True,True,11.8,-11.8,0.0,10,True,False,False,DONE
0,5,braf,0,0.6,9.3,True,False,CSDNet/exp/lead/results_elastic_joint_frontier_v5r_final_base50k_seed0/braf_id0_thr0.6_0.csv,True,2,2,0,0,0,0,True,False,9.0,0.0,0.3000000000000007,10,True,False,False,DONE
0,0,braf,1,0.4,9.4,True,True,CSDNet/exp/lead/results_elastic_joint_frontier_v5r_final_base50k_seed0/braf_id1_thr0.4_0.csv,True,40,40,0,0,0,0,True,True,10.2,-10.2,0.0,10,True,False,False,DONE
0,5,braf,1,0.6,9.4,True,False,CSDNet/exp/lead/results_elastic_joint_frontier_v5r_final_base50k_seed0/braf_id1_thr0.6_0.csv,True,71,71,0,0,0,0,True,True,10.6,-10.6,0.0,10,True,False,False,DONE
0,0,braf,2,0.4,9.8,True,True,CSDNet/exp/lead/results_elastic_joint_frontier_v5r_final_base50k_seed0/braf_id2_thr0.4_0.csv,True,68,68,0,0,0,0,True,True,11.2,-11.2,0.0,10,True,False,False,DONE
0,5,braf,2,0.6,9.8,False,False,CSDNet/exp/lead/results_elastic_joint_frontier_v5r_final_base50k_seed0/braf_id2_thr0.6_0.csv,False,0,0,0,0,0,0,False,False,,0.0,,10,False,True,False,DONE_ZERO
0,0,jak2,0,0.4,7.7,True,True,CSDNet/exp/lead/results_elastic_joint_frontier_v5r_final_base50k_seed0/jak2_id0_thr0.4_0.csv,True,362,362,0,0,0,0,True,True,12.1,-12.1,0.0,10,True,False,False,DONE
0,5,jak2,0,0.6,7.7,True,False,CSDNet/exp/lead/results_elastic_joint_frontier_v5r_final_base50k_seed0/jak2_id0_thr0.6_0.csv,True,123,123,0,0,0,0,True,True,11.0,-11.0,0.0,10,True,False,False,DONE
0,0,jak2,1,0.4,8.0,True,True,CSDNet/exp/lead/results_elastic_joint_frontier_v5r_final_base50k_seed0/jak2_id1_thr0.4_0.csv,True,274,274,0,0,0,0,True,True,11.2,-11.2,0.0,10,True,False,False,DONE
0,5,jak2,1,0.6,8.0,True,False,CSDNet/exp/lead/results_elastic_joint_frontier_v5r_final_base50k_seed0/jak2_id1_thr0.6_0.csv,True,178,178,0,0,0,0,True,True,10.3,-10.3,0.0,10,True,False,False,DONE
0,0,jak2,2,0.4,8.6,True,True,CSDNet/exp/lead/results_elastic_joint_frontier_v5r_final_base50k_seed0/jak2_id2_thr0.4_0.csv,True,181,181,0,0,0,0,True,True,11.0,-11.0,0.0,10,True,False,False,DONE
0,5,jak2,2,0.6,8.6,True,False,CSDNet/exp/lead/results_elastic_joint_frontier_v5r_final_base50k_seed0/jak2_id2_thr0.6_0.csv,True,42,42,0,0,0,0,True,True,10.4,-10.4,0.0,10,True,False,False,DONE
1,0,parp1,0,0.4,7.3,True,True,CSDNet/exp/lead/results_elastic_joint_frontier_v5r_final_base50k_seed1/parp1_id0_thr0.4_1.csv,True,599,599,0,0,0,0,True,True,15.0,-15.0,0.0,10,True,False,False,DONE
1,4,parp1,0,0.6,7.3,True,True,CSDNet/exp/lead/results_elastic_joint_frontier_v5r_final_base50k_seed1/parp1_id0_thr0.6_1.csv,True,214,214,0,0,0,0,True,True,12.5,-12.5,0.0,10,True,False,False,DONE
1,0,parp1,1,0.4,7.8,True,True,CSDNet/exp/lead/results_elastic_joint_frontier_v5r_final_base50k_seed1/parp1_id1_thr0.4_1.csv,True,496,496,0,0,0,0,True,True,14.1,-14.1,0.0,10,True,False,False,DONE
1,4,parp1,1,0.6,7.8,True,True,CSDNet/exp/lead/results_elastic_joint_frontier_v5r_final_base50k_seed1/parp1_id1_thr0.6_1.csv,True,137,137,0,0,0,0,True,True,12.4,-12.4,0.0,10,True,False,False,DONE
1,0,parp1,2,0.4,8.2,True,True,CSDNet/exp/lead/results_elastic_joint_frontier_v5r_final_base50k_seed1/parp1_id2_thr0.4_1.csv,True,332,332,0,0,0,0,True,True,13.6,-13.6,0.0,10,True,False,False,DONE
1,4,parp1,2,0.6,8.2,True,True,CSDNet/exp/lead/results_elastic_joint_frontier_v5r_final_base50k_seed1/parp1_id2_thr0.6_1.csv,True,144,144,0,0,0,0,True,True,12.2,-12.2,0.0,10,True,False,False,DONE
1,0,fa7,0,0.4,6.4,True,True,CSDNet/exp/lead/results_elastic_joint_frontier_v5r_final_base50k_seed1/fa7_id0_thr0.4_1.csv,True,37,37,0,0,0,0,True,True,8.2,-8.2,0.0,10,True,False,False,DONE
1,3,fa7,0,0.6,6.4,False,False,CSDNet/exp/lead/results_elastic_joint_frontier_v5r_final_base50k_seed1/fa7_id0_thr0.6_1.csv,False,0,0,0,0,0,0,False,False,,0.0,,10,False,True,False,DONE_ZERO
1,0,fa7,1,0.4,6.7,True,True,CSDNet/exp/lead/results_elastic_joint_frontier_v5r_final_base50k_seed1/fa7_id1_thr0.4_1.csv,True,277,277,0,0,0,0,True,True,9.5,-9.5,0.0,10,True,False,False,DONE
1,1,fa7,1,0.6,6.7,True,True,CSDNet/exp/lead/results_elastic_joint_frontier_v5r_final_base50k_seed1/fa7_id1_thr0.6_1.csv,True,36,36,0,0,0,0,True,True,7.6,-7.6,0.0,10,True,False,False,DONE
1,0,fa7,2,0.4,8.5,True,True,CSDNet/exp/lead/results_elastic_joint_frontier_v5r_final_base50k_seed1/fa7_id2_thr0.4_1.csv,True,72,72,0,0,0,0,True,True,9.1,-9.1,0.0,10,True,False,False,DONE
1,3,fa7,2,0.6,8.5,True,False,CSDNet/exp/lead/results_elastic_joint_frontier_v5r_final_base50k_seed1/fa7_id2_thr0.6_1.csv,True,21,21,0,0,0,0,True,False,8.0,0.0,0.5,10,True,False,False,DONE
1,0,5ht1b,0,0.4,4.5,True,True,CSDNet/exp/lead/results_elastic_joint_frontier_v5r_final_base50k_seed1/5ht1b_id0_thr0.4_1.csv,True,56,56,0,0,0,0,True,True,13.6,-13.6,0.0,10,True,False,False,DONE
1,2,5ht1b,0,0.6,4.5,True,True,CSDNet/exp/lead/results_elastic_joint_frontier_v5r_final_base50k_seed1/5ht1b_id0_thr0.6_1.csv,True,60,60,0,0,0,0,True,True,13.1,-13.1,0.0,10,True,False,False,DONE
1,0,5ht1b,1,0.4,7.6,True,True,CSDNet/exp/lead/results_elastic_joint_frontier_v5r_final_base50k_seed1/5ht1b_id1_thr0.4_1.csv,True,486,486,0,0,0,0,True,True,12.7,-12.7,0.0,10,True,False,False,DONE
1,4,5ht1b,1,0.6,7.6,True,True,CSDNet/exp/lead/results_elastic_joint_frontier_v5r_final_base50k_seed1/5ht1b_id1_thr0.6_1.csv,True,164,164,0,0,0,0,True,True,12.4,-12.4,0.0,10,True,False,False,DONE
1,0,5ht1b,2,0.4,9.8,True,True,CSDNet/exp/lead/results_elastic_joint_frontier_v5r_final_base50k_seed1/5ht1b_id2_thr0.4_1.csv,True,143,143,0,0,0,0,True,True,12.0,-12.0,0.0,10,True,False,False,DONE
1,4,5ht1b,2,0.6,9.8,True,True,CSDNet/exp/lead/results_elastic_joint_frontier_v5r_final_base50k_seed1/5ht1b_id2_thr0.6_1.csv,True,48,48,0,0,0,0,True,True,11.2,-11.2,0.0,10,True,False,False,DONE
1,0,braf,0,0.4,9.3,True,True,CSDNet/exp/lead/results_elastic_joint_frontier_v5r_final_base50k_seed1/braf_id0_thr0.4_1.csv,True,96,96,0,0,0,0,True,True,12.0,-12.0,0.0,10,True,False,False,DONE
1,5,braf,0,0.6,9.3,False,False,CSDNet/exp/lead/results_elastic_joint_frontier_v5r_final_base50k_seed1/braf_id0_thr0.6_1.csv,False,0,0,0,0,0,0,False,False,,0.0,,10,False,True,False,DONE_ZERO
1,0,braf,1,0.4,9.4,True,True,CSDNet/exp/lead/results_elastic_joint_frontier_v5r_final_base50k_seed1/braf_id1_thr0.4_1.csv,True,142,142,0,0,0,0,True,True,12.4,-12.4,0.0,10,True,False,False,DONE
1,5,braf,1,0.6,9.4,True,False,CSDNet/exp/lead/results_elastic_joint_frontier_v5r_final_base50k_seed1/braf_id1_thr0.6_1.csv,True,22,22,0,0,0,0,True,True,10.8,-10.8,0.0,10,True,False,False,DONE
1,0,braf,2,0.4,9.8,True,True,CSDNet/exp/lead/results_elastic_joint_frontier_v5r_final_base50k_seed1/braf_id2_thr0.4_1.csv,True,81,81,0,0,0,0,True,True,12.2,-12.2,0.0,10,True,False,False,DONE
1,5,braf,2,0.6,9.8,True,False,CSDNet/exp/lead/results_elastic_joint_frontier_v5r_final_base50k_seed1/braf_id2_thr0.6_1.csv,True,45,45,0,0,0,0,True,True,10.9,-10.9,0.0,10,True,False,False,DONE
1,0,jak2,0,0.4,7.7,True,True,CSDNet/exp/lead/results_elastic_joint_frontier_v5r_final_base50k_seed1/jak2_id0_thr0.4_1.csv,True,348,348,0,0,0,0,True,True,11.6,-11.6,0.0,10,True,False,False,DONE
1,5,jak2,0,0.6,7.7,True,False,CSDNet/exp/lead/results_elastic_joint_frontier_v5r_final_base50k_seed1/jak2_id0_thr0.6_1.csv,True,105,105,0,0,0,0,True,True,9.9,-9.9,0.0,10,True,False,False,DONE
1,0,jak2,1,0.4,8.0,True,True,CSDNet/exp/lead/results_elastic_joint_frontier_v5r_final_base50k_seed1/jak2_id1_thr0.4_1.csv,True,430,430,0,0,0,0,True,True,10.6,-10.6,0.0,10,True,False,False,DONE
1,5,jak2,1,0.6,8.0,True,False,CSDNet/exp/lead/results_elastic_joint_frontier_v5r_final_base50k_seed1/jak2_id1_thr0.6_1.csv,True,166,166,0,0,0,0,True,True,10.2,-10.2,0.0,10,True,False,False,DONE
1,0,jak2,2,0.4,8.6,True,True,CSDNet/exp/lead/results_elastic_joint_frontier_v5r_final_base50k_seed1/jak2_id2_thr0.4_1.csv,True,247,247,0,0,0,0,True,True,12.2,-12.2,0.0,10,True,False,False,DONE
1,5,jak2,2,0.6,8.6,True,False,CSDNet/exp/lead/results_elastic_joint_frontier_v5r_final_base50k_seed1/jak2_id2_thr0.6_1.csv,True,54,54,0,0,0,0,True,True,10.7,-10.7,0.0,10,True,False,False,DONE
2,0,parp1,0,0.4,7.3,True,True,CSDNet/exp/lead/results_elastic_joint_frontier_v5r_final_base50k_seed2/parp1_id0_thr0.4_2.csv,True,651,651,0,0,0,0,True,True,13.5,-13.5,0.0,10,True,False,False,DONE
2,4,parp1,0,0.6,7.3,True,True,CSDNet/exp/lead/results_elastic_joint_frontier_v5r_final_base50k_seed2/parp1_id0_thr0.6_2.csv,True,220,220,0,0,0,0,True,True,12.4,-12.4,0.0,10,True,False,False,DONE
2,0,parp1,1,0.4,7.8,True,True,CSDNet/exp/lead/results_elastic_joint_frontier_v5r_final_base50k_seed2/parp1_id1_thr0.4_2.csv,True,467,467,0,0,0,0,True,True,13.8,-13.8,0.0,10,True,False,False,DONE
2,4,parp1,1,0.6,7.8,True,True,CSDNet/exp/lead/results_elastic_joint_frontier_v5r_final_base50k_seed2/parp1_id1_thr0.6_2.csv,True,150,150,0,0,0,0,True,True,10.8,-10.8,0.0,10,True,False,False,DONE
2,0,parp1,2,0.4,8.2,True,True,CSDNet/exp/lead/results_elastic_joint_frontier_v5r_final_base50k_seed2/parp1_id2_thr0.4_2.csv,True,375,375,0,0,0,0,True,True,13.2,-13.2,0.0,10,True,False,False,DONE
2,4,parp1,2,0.6,8.2,True,True,CSDNet/exp/lead/results_elastic_joint_frontier_v5r_final_base50k_seed2/parp1_id2_thr0.6_2.csv,True,150,150,0,0,0,0,True,True,12.3,-12.3,0.0,10,True,False,False,DONE
2,0,fa7,0,0.4,6.4,True,True,CSDNet/exp/lead/results_elastic_joint_frontier_v5r_final_base50k_seed2/fa7_id0_thr0.4_2.csv,True,117,117,0,0,0,0,True,True,9.4,-9.4,0.0,10,True,False,False,DONE
2,3,fa7,0,0.6,6.4,True,False,CSDNet/exp/lead/results_elastic_joint_frontier_v5r_final_base50k_seed2/fa7_id0_thr0.6_2.csv,True,1,1,0,0,0,0,True,True,7.5,-7.5,0.0,10,True,False,False,DONE
2,0,fa7,1,0.4,6.7,True,True,CSDNet/exp/lead/results_elastic_joint_frontier_v5r_final_base50k_seed2/fa7_id1_thr0.4_2.csv,True,315,315,0,0,0,0,True,True,9.1,-9.1,0.0,10,True,False,False,DONE
2,1,fa7,1,0.6,6.7,True,True,CSDNet/exp/lead/results_elastic_joint_frontier_v5r_final_base50k_seed2/fa7_id1_thr0.6_2.csv,True,66,66,0,0,0,0,True,True,7.9,-7.9,0.0,10,True,False,False,DONE
2,0,fa7,2,0.4,8.5,True,True,CSDNet/exp/lead/results_elastic_joint_frontier_v5r_final_base50k_seed2/fa7_id2_thr0.4_2.csv,True,80,80,0,0,0,0,True,True,9.2,-9.2,0.0,10,True,False,False,DONE
2,3,fa7,2,0.6,8.5,False,False,CSDNet/exp/lead/results_elastic_joint_frontier_v5r_final_base50k_seed2/fa7_id2_thr0.6_2.csv,False,0,0,0,0,0,0,False,False,,0.0,,10,False,True,False,DONE_ZERO
2,0,5ht1b,0,0.4,4.5,True,True,CSDNet/exp/lead/results_elastic_joint_frontier_v5r_final_base50k_seed2/5ht1b_id0_thr0.4_2.csv,True,25,25,0,0,0,0,True,True,13.9,-13.9,0.0,10,True,False,False,DONE
2,2,5ht1b,0,0.6,4.5,False,False,CSDNet/exp/lead/results_elastic_joint_frontier_v5r_final_base50k_seed2/5ht1b_id0_thr0.6_2.csv,False,0,0,0,0,0,0,False,False,,0.0,,10,False,True,False,DONE_ZERO
2,0,5ht1b,1,0.4,7.6,True,True,CSDNet/exp/lead/results_elastic_joint_frontier_v5r_final_base50k_seed2/5ht1b_id1_thr0.4_2.csv,True,530,530,0,0,0,0,True,True,12.6,-12.6,0.0,10,True,False,False,DONE
2,4,5ht1b,1,0.6,7.6,True,True,CSDNet/exp/lead/results_elastic_joint_frontier_v5r_final_base50k_seed2/5ht1b_id1_thr0.6_2.csv,True,131,131,0,0,0,0,True,True,13.3,-13.3,0.0,10,True,False,False,DONE
2,0,5ht1b,2,0.4,9.8,True,True,CSDNet/exp/lead/results_elastic_joint_frontier_v5r_final_base50k_seed2/5ht1b_id2_thr0.4_2.csv,True,129,129,0,0,0,0,True,True,11.8,-11.8,0.0,10,True,False,False,DONE
2,4,5ht1b,2,0.6,9.8,True,True,CSDNet/exp/lead/results_elastic_joint_frontier_v5r_final_base50k_seed2/5ht1b_id2_thr0.6_2.csv,True,46,46,0,0,0,0,True,True,11.1,-11.1,0.0,10,True,False,False,DONE
2,0,braf,0,0.4,9.3,True,True,CSDNet/exp/lead/results_elastic_joint_frontier_v5r_final_base50k_seed2/braf_id0_thr0.4_2.csv,True,167,167,0,0,0,0,True,True,12.0,-12.0,0.0,10,True,False,False,DONE
2,5,braf,0,0.6,9.3,False,False,CSDNet/exp/lead/results_elastic_joint_frontier_v5r_final_base50k_seed2/braf_id0_thr0.6_2.csv,False,0,0,0,0,0,0,False,False,,0.0,,10,False,True,False,DONE_ZERO
2,0,braf,1,0.4,9.4,True,True,CSDNet/exp/lead/results_elastic_joint_frontier_v5r_final_base50k_seed2/braf_id1_thr0.4_2.csv,True,38,38,0,0,0,0,True,True,11.6,-11.6,0.0,10,True,False,False,DONE
2,5,braf,1,0.6,9.4,True,False,CSDNet/exp/lead/results_elastic_joint_frontier_v5r_final_base50k_seed2/braf_id1_thr0.6_2.csv,True,1,1,0,0,0,0,True,True,9.6,-9.6,0.0,10,True,False,False,DONE
2,0,braf,2,0.4,9.8,True,True,CSDNet/exp/lead/results_elastic_joint_frontier_v5r_final_base50k_seed2/braf_id2_thr0.4_2.csv,True,166,166,0,0,0,0,True,True,12.8,-12.8,0.0,10,True,False,False,DONE
2,5,braf,2,0.6,9.8,True,False,CSDNet/exp/lead/results_elastic_joint_frontier_v5r_final_base50k_seed2/braf_id2_thr0.6_2.csv,True,51,51,0,0,0,0,True,True,11.5,-11.5,0.0,10,True,False,False,DONE
2,0,jak2,0,0.4,7.7,True,True,CSDNet/exp/lead/results_elastic_joint_frontier_v5r_final_base50k_seed2/jak2_id0_thr0.4_2.csv,True,406,406,0,0,0,0,True,True,11.4,-11.4,0.0,10,True,False,False,DONE
2,5,jak2,0,0.6,7.7,True,False,CSDNet/exp/lead/results_elastic_joint_frontier_v5r_final_base50k_seed2/jak2_id0_thr0.6_2.csv,True,141,141,0,0,0,0,True,True,10.9,-10.9,0.0,10,True,False,False,DONE
2,0,jak2,1,0.4,8.0,True,True,CSDNet/exp/lead/results_elastic_joint_frontier_v5r_final_base50k_seed2/jak2_id1_thr0.4_2.csv,True,328,328,0,0,0,0,True,True,11.7,-11.7,0.0,10,True,False,False,DONE
2,5,jak2,1,0.6,8.0,True,False,CSDNet/exp/lead/results_elastic_joint_frontier_v5r_final_base50k_seed2/jak2_id1_thr0.6_2.csv,True,169,169,0,0,0,0,True,True,11.4,-11.4,0.0,10,True,False,False,DONE
2,0,jak2,2,0.4,8.6,True,True,CSDNet/exp/lead/results_elastic_joint_frontier_v5r_final_base50k_seed2/jak2_id2_thr0.4_2.csv,True,193,193,0,0,0,0,True,True,11.0,-11.0,0.0,10,True,False,False,DONE
2,5,jak2,2,0.6,8.6,True,False,CSDNet/exp/lead/results_elastic_joint_frontier_v5r_final_base50k_seed2/jak2_id2_thr0.6_2.csv,True,58,58,0,0,0,0,True,True,10.7,-10.7,0.0,10,True,False,False,DONE
